{"x_min": -3.92734432220459, "x_max": 3.18159818649292, "y_min": -3.416231632232666, "y_max": 3.754143238067627, "mean": 0, "std": 1}