{"x_min": -2.712026357650757, "x_max": 2.9161877632141113, "y_min": -2.1548092365264893, "y_max": 3.1531317234039307, "mean": 0.13066047807612147, "std": 0.308107809400358}