{"x_min": -3.92734432220459, "x_max": 3.18159818649292, "y_min": -3.416231632232666, "y_max": 3.754143238067627, "mean": 0, "std": 1, "vae_10_ranges": [[-3.1718647480010986, 3.658773183822632], [-3.662111520767212, 3.184885025024414], [-3.1022870540618896, 3.6751153469085693], [-3.120910882949829, 3.23966646194458], [-3.8630967140197754, 3.201247215270996], [-3.12044095993042, 2.8163399696350098], [-4.223811626434326, 3.327235221862793], [-3.78430438041687, 3.0888869762420654], [-3.7602245807647705, 4.042303562164307], [-2.8189384937286377, 3.7727575302124023]]}